2m,,,,,,,,,,,,,,,,,,,,,,,,,,,,,,,,,,,,,,,,,,,,,,,,,,,,,,,,,,,,,,,,,,,,,,,,,,,,,,,,,,,,,,,,,,,,,,,,,,,,,,,,,,,,,,,,,,,,,,,,
-100,7.345,7.35,7.35,7.345,7.35,7.345,7.355,7.355,7.35,7.34,7.34,7.34,7.34,7.34,7.335,7.34,7.34,7.345,7.345,7.345,7.35,7.35,7.355,7.36,7.355,7.355,7.355,7.355,7.355,7.35,7.345,7.345,7.335,7.335,7.33,7.33,7.33,7.325,7.325,7.33,7.34,7.34,7.34,7.34,7.34,7.34,7.34,7.34,7.345,7.345,7.345,7.345,7.34,7.345,7.345,7.35,7.355,7.365,7.365,7.36,7.36,7.35,7.345,7.35,7.345,7.345,7.345,7.345,7.35,7.355,7.36,7.36,7.355,7.355,7.35,7.355,7.355,7.355,7.355,7.35,7.35,7.345,7.34,7.34,7.34,7.335,7.345,7.35,7.36,7.36,7.36,7.35,7.355,7.35,7.345,7.345,7.335,7.335,7.34,7.335,7.33,7.335,7.335,7.33,7.325,7.325,7.315,7.345,7.335,7.34,7.35,7.345,7.35,7.35,7.355,7.355,7.35,7.36,7.36,7.355
,7.34,7.33,7.33,7.335,7.335,7.33,7.33,7.335,7.33,7.33,7.335,7.345,7.35,7.35,7.35,7.345,7.345,7.34,7.34,7.34,7.335,7.325,7.32,7.325,7.335,7.335,7.325,7.325,7.32,7.325,7.33,7.33,7.335,7.33,7.335,7.335,7.33,7.325,7.33,7.34,7.335,7.335,7.345,7.35,7.345,7.34,7.335,7.33,7.325,7.33,7.32,7.315,7.315,7.31,7.31,7.315,7.315,7.315,7.315,7.315,7.32,7.32,7.325,7.325,7.325,7.325,7.325,7.335,7.34,7.345,7.355,7.35,7.34,7.335,7.335,7.33,7.325,7.325,7.33,7.33,7.335,7.33,7.325,7.325,7.345,7.35,7.345,7.345,7.345,7.34,7.345,7.335,7.335,7.335,7.33,7.33,7.33,7.33,7.325,7.325,7.32,7.315,7.335,7.335,7.335,7.33,7.33,7.325,7.33,7.325,7.325,7.325,7.325,7.325,7.33,7.325,7.315,7.315,7.31,7.32
,7.34,7.335,7.335,7.335,7.34,7.34,7.33,7.335,7.335,7.33,7.34,7.345,7.345,7.35,7.345,7.345,7.34,7.335,7.34,7.335,7.335,7.33,7.325,7.345,7.34,7.34,7.35,7.35,7.355,7.345,7.355,7.355,7.34,7.34,7.345,7.34,7.34,7.34,7.34,7.345,7.34,7.34,7.34,7.335,7.34,7.335,7.34,7.33,7.335,7.345,7.335,7.34,7.325,7.32,7.325,7.33,7.34,7.325,7.335,7.32,7.275,7.275,7.25,7.255,7.255,7.265,7.26,7.265,7.27,7.275,7.29,7.3,7.295,7.3,7.305,7.305,7.315,7.32,7.325,7.32,7.315,7.31,7.31,7.305,7.305,7.31,7.31,7.31,7.31,7.31,7.32,7.315,7.315,7.32,7.32,7.31,7.305,7.305,7.295,7.3,7.31,7.31,7.305,7.3,7.305,7.295,7.295,7.3,7.31,7.3,7.3,7.285,7.285,7.29,7.285,7.285,7.29,7.3,7.31,7.305
-80,7.285,7.28,7.285,7.275,7.275,7.28,7.27,7.265,7.285,7.27,7.27,7.27,7.265,7.265,7.255,7.26,7.26,7.26,7.26,7.255,7.25,7.265,7.265,7.265,7.265,7.265,7.275,7.285,7.285,7.285,7.285,7.285,7.28,7.28,7.27,7.265,7.27,7.275,7.275,7.27,7.265,7.265,7.26,7.255,7.26,7.26,7.255,7.255,7.255,7.26,7.27,7.27,7.275,7.275,7.28,7.275,7.275,7.27,7.27,7.265,7.27,7.28,7.285,7.285,7.28,7.285,7.28,7.28,7.28,7.28,7.28,7.28,7.28,7.275,7.27,7.27,7.27,7.275,7.27,7.27,7.27,7.275,7.275,7.275,7.27,7.26,7.265,7.265,7.25,7.25,7.25,7.255,7.265,7.265,7.26,7.255,7.25,7.25,7.255,7.255,7.25,7.255,7.245,7.245,7.25,7.245,7.245,7.24,7.24,7.235,7.25,7.25,7.25,7.25,7.25,7.25,7.26,7.265,7.26,7.255
,7.265,7.265,7.28,7.275,7.27,7.27,7.27,7.275,7.275,7.275,7.27,7.27,7.27,7.27,7.275,7.285,7.28,7.28,7.27,7.275,7.275,7.275,7.265,7.265,7.27,7.265,7.26,7.255,7.27,7.275,7.275,7.275,7.275,7.275,7.275,7.27,7.275,7.275,7.28,7.28,7.28,7.275,7.275,7.275,7.28,7.285,7.285,7.285,7.285,7.285,7.29,7.295,7.295,7.295,7.295,7.295,7.29,7.285,7.285,7.29,7.285,7.27,7.265,7.265,7.265,7.265,7.265,7.26,7.26,7.27,7.275,7.28,7.275,7.275,7.27,7.275,7.28,7.28,7.28,7.28,7.28,7.28,7.28,7.28,7.275,7.27,7.265,7.265,7.27,7.265,7.265,7.26,7.26,7.27,7.27,7.27,7.27,7.27,7.27,7.265,7.27,7.265,7.265,7.26,7.26,7.255,7.25,7.25,7.25,7.25,7.255,7.255,7.255,7.26,7.26,7.255,7.25,7.25,7.25,7.25
,7.25,7.255,7.25,7.25,7.255,7.255,7.255,7.26,7.255,7.255,7.255,7.26,7.265,7.265,7.27,7.265,7.265,7.26,7.26,7.255,7.255,7.25,7.25,7.255,7.26,7.265,7.26,7.265,7.26,7.255,7.25,7.25,7.25,7.25,7.245,7.24,7.235,7.23,7.24,7.25,7.245,7.245,7.25,7.26,7.255,7.255,7.26,7.26,7.26,7.255,7.25,7.25,7.255,7.25,7.255,7.26,7.255,7.255,7.265,7.265,7.27,7.27,7.27,7.26,7.255,7.26,7.265,7.26,7.255,7.255,7.25,7.255,7.265,7.27,7.265,7.265,7.265,7.26,7.26,7.265,7.275,7.275,7.27,7.27,7.27,7.27,7.265,7.26,7.26,7.26,7.26,7.26,7.26,7.26,7.255,7.26,7.26,7.26,7.265,7.26,7.255,7.26,7.26,7.26,7.26,7.255,7.26,7.265,7.27,7.27,7.27,7.27,7.265,7.27,7.27,7.275,7.275,7.27,7.265,7.26
-60,7.29,7.295,7.295,7.3,7.3,7.31,7.305,7.3,7.305,7.305,7.305,7.305,7.315,7.315,7.31,7.305,7.315,7.31,7.305,7.295,7.3,7.32,7.315,7.315,7.305,7.295,7.295,7.3,7.295,7.29,7.3,7.305,7.3,7.3,7.31,7.305,7.31,7.315,7.31,7.31,7.315,7.315,7.31,7.31,7.315,7.315,7.31,7.31,7.31,7.31,7.31,7.305,7.31,7.305,7.295,7.31,7.31,7.325,7.325,7.325,7.335,7.335,7.33,7.33,7.32,7.315,7.31,7.31,7.31,7.305,7.3,7.295,7.29,7.295,7.295,7.3,7.3,7.295,7.31,7.305,7.3,7.31,7.31,7.31,7.31,7.325,7.315,7.315,7.325,7.315,7.31,7.32,7.315,7.305,7.3,7.3,7.305,7.305,7.3,7.3,7.3,7.305,7.305,7.305,7.305,7.3,7.3,7.3,7.31,7.315,7.32,7.325,7.325,7.32,7.315,7.31,7.31,7.31,7.31,7.31
,7.33,7.325,7.32,7.315,7.31,7.31,7.315,7.315,7.32,7.32,7.31,7.32,7.315,7.315,7.315,7.315,7.315,7.315,7.31,7.31,7.3,7.295,7.305,7.3,7.295,7.295,7.295,7.295,7.29,7.285,7.29,7.29,7.285,7.285,7.285,7.28,7.285,7.29,7.29,7.295,7.295,7.3,7.3,7.295,7.3,7.3,7.295,7.295,7.295,7.295,7.29,7.29,7.29,7.29,7.29,7.295,7.295,7.295,7.295,7.29,7.29,7.295,7.305,7.305,7.305,7.3,7.305,7.3,7.295,7.295,7.295,7.3,7.305,7.31,7.31,7.31,7.305,7.305,7.305,7.305,7.31,7.315,7.32,7.32,7.32,7.32,7.32,7.315,7.315,7.315,7.31,7.315,7.315,7.31,7.31,7.315,7.315,7.315,7.31,7.31,7.31,7.31,7.31,7.31,7.31,7.305,7.305,7.31,7.31,7.305,7.3,7.295,7.285,7.285,7.29,7.295,7.295,7.3,7.305,7.305
,7.3,7.295,7.295,7.295,7.305,7.315,7.32,7.32,7.31,7.305,7.3,7.3,7.305,7.3,7.295,7.3,7.3,7.295,7.295,7.31,7.305,7.32,7.315,7.305,7.31,7.31,7.305,7.3,7.295,7.31,7.32,7.32,7.32,7.335,7.325,7.325,7.32,7.335,7.34,7.335,7.33,7.325,7.315,7.325,7.335,7.33,7.33,7.335,7.33,7.33,7.325,7.33,7.335,7.315,7.315,7.32,7.325,7.335,7.335,7.34,7.33,7.33,7.325,7.325,7.325,7.325,7.32,7.335,7.335,7.33,7.325,7.325,7.33,7.325,7.325,7.325,7.32,7.31,7.315,7.315,7.31,7.31,7.315,7.325,7.325,7.325,7.325,7.32,7.325,7.325,7.325,7.315,7.315,7.325,7.32,7.32,7.315,7.31,7.305,7.305,7.305,7.3,7.295,7.29,7.295,7.3,7.31,7.315,7.315,7.31,7.31,7.315,7.315,7.305,7.305,7.33,7.33,7.32,7.315,7.315
-40,6.57,7.365,6.56,6.555,6.55,6.55,6.555,6.56,6.56,7.36,6.565,6.56,6.565,6.565,6.565,6.57,6.57,6.57,6.565,6.57,6.565,6.56,6.56,7.355,7.355,6.555,7.355,6.56,6.565,6.565,6.56,6.555,6.55,6.55,6.555,6.555,6.545,6.55,6.55,7.355,6.555,6.555,6.555,6.55,6.56,6.56,7.355,6.555,7.35,6.55,6.55,6.545,6.54,6.545,6.545,6.54,6.535,6.535,6.535,6.54,6.545,6.55,6.555,6.56,6.565,6.57,6.57,6.565,6.555,7.355,6.56,6.565,6.565,6.565,6.565,6.565,6.565,7.36,6.56,7.36,7.36,7.36,7.365,6.57,6.57,6.57,6.565,6.56,6.56,6.56,6.57,6.565,6.56,6.56,6.55,6.555,6.555,6.55,6.545,7.335,6.535,6.53,6.53,6.54,6.54,6.545,6.54,6.54,6.545,6.55,6.54,6.54,6.54,6.545,6.545,6.54,6.535,6.535,6.54,6.54
,6.545,6.545,6.545,6.54,6.55,6.55,6.54,6.54,6.54,6.54,6.54,6.54,6.54,6.54,6.54,6.54,7.34,6.53,6.535,7.34,6.54,6.54,6.535,6.535,6.535,6.535,6.535,6.535,6.535,6.54,6.545,6.54,6.535,6.535,6.535,6.53,6.54,6.54,6.55,6.535,6.54,6.545,6.54,6.545,6.55,6.55,6.545,6.545,6.545,6.545,6.55,6.545,6.54,6.545,6.545,6.545,6.545,6.54,6.54,6.54,6.55,6.555,6.555,6.55,6.545,6.55,6.56,6.55,6.545,6.55,6.555,6.55,6.56,6.565,6.56,6.565,6.57,6.56,6.555,6.555,6.56,6.565,6.565,6.565,6.56,6.555,6.555,6.555,6.56,6.55,6.55,6.55,6.55,6.545,6.54,6.54,7.34,6.535,6.54,7.34,6.54,7.34,6.54,6.54,6.545,6.545,7.345,6.545,6.55,6.545,6.545,6.55,6.545,6.545,6.545,6.55,6.55,6.545,7.34,7.345
,6.545,6.545,6.54,6.54,6.54,6.54,6.545,6.54,6.54,6.545,6.55,6.55,6.55,6.55,6.55,6.55,6.545,6.54,6.54,6.54,6.54,6.54,6.54,6.54,7.34,6.54,6.54,6.555,6.55,6.55,6.55,6.555,6.56,6.56,6.55,6.545,6.555,6.55,7.35,6.555,6.56,6.555,6.55,6.555,6.565,6.56,6.555,6.555,6.565,6.57,6.56,6.555,6.555,6.56,6.555,6.55,7.345,6.555,6.55,6.545,6.54,6.535,6.54,6.55,6.54,6.535,6.545,6.545,6.55,6.55,6.55,6.555,6.545,6.545,6.55,6.55,6.545,6.545,6.535,6.54,6.535,6.535,6.525,6.535,6.545,6.54,6.54,6.54,6.545,6.545,6.54,6.545,6.545,6.545,6.545,6.535,6.545,6.545,6.55,6.55,6.555,6.545,6.545,6.54,6.555,6.535,6.535,6.53,6.54,6.555,6.56,6.56,6.555,6.55,6.55,6.55,6.555,6.555,6.55,6.545
-20,7.425,7.43,7.425,7.435,7.435,7.445,7.45,7.455,7.455,7.46,7.46,7.455,7.46,7.46,7.455,7.445,7.445,7.445,7.44,7.435,7.435,7.435,7.44,7.445,7.435,7.425,7.43,7.425,7.42,7.415,7.42,7.425,7.425,7.43,7.435,7.425,7.435,7.45,7.445,7.455,7.455,7.46,7.465,7.465,7.465,7.46,7.465,7.465,7.455,7.45,7.46,7.45,7.45,7.435,7.45,7.46,7.455,7.455,7.455,7.46,7.46,7.455,7.455,7.455,7.45,7.45,7.425,7.425,7.42,7.43,7.435,7.435,7.435,7.43,7.435,7.445,7.445,7.43,7.43,7.435,7.44,7.44,7.435,7.44,7.445,7.45,7.445,7.44,7.435,7.435,7.45,7.455,7.45,7.45,7.455,7.455,7.455,7.455,7.46,7.455,7.445,7.445,7.445,7.44,7.445,7.44,7.44,7.435,7.43,7.42,7.425,7.43,7.43,7.43,7.43,7.425,7.425,7.43,7.43,7.43
,7.44,7.435,7.43,7.43,7.43,7.425,7.425,7.43,7.43,7.43,7.43,7.43,7.425,7.425,7.43,7.43,7.425,7.42,7.42,7.42,7.42,7.42,7.42,7.42,7.42,7.415,7.415,7.415,7.44,7.43,7.43,7.44,7.435,7.445,7.435,7.445,7.44,7.445,7.455,7.455,7.45,7.445,7.44,7.445,7.445,7.445,7.44,7.435,7.44,7.44,7.435,7.44,7.435,7.435,7.435,7.435,7.435,7.435,7.43,7.425,7.43,7.42,7.42,7.42,7.42,7.425,7.42,7.42,7.415,7.415,7.415,7.42,7.425,7.43,7.435,7.43,7.425,7.425,7.425,7.425,7.425,7.415,7.425,7.43,7.43,7.43,7.43,7.44,7.44,7.44,7.435,7.43,7.435,7.435,7.435,7.435,7.44,7.445,7.445,7.45,7.445,7.445,7.45,7.46,7.455,7.455,7.455,7.455,7.455,7.46,7.46,7.46,7.455,7.45,7.445,7.445,7.445,7.45,7.45,7.45
,7.44,7.44,7.44,7.44,7.435,7.425,7.43,7.435,7.43,7.45,7.45,7.445,7.445,7.45,7.455,7.46,7.46,7.465,7.465,7.47,7.47,7.465,7.46,7.465,7.465,7.46,7.45,7.45,7.445,7.45,7.445,7.44,7.445,7.445,7.44,7.445,7.445,7.44,7.44,7.44,7.44,7.44,7.425,7.425,7.425,7.44,7.44,7.44,7.45,7.45,7.45,7.45,7.44,7.435,7.435,7.43,7.425,7.435,7.435,7.435,7.435,7.43,7.43,7.425,7.43,7.425,7.425,7.42,7.425,7.415,7.425,7.42,7.425,7.425,7.425,7.435,7.43,7.435,7.43,7.425,7.435,7.425,7.425,7.435,7.44,7.44,7.43,7.44,7.44,7.44,7.445,7.44,7.44,7.435,7.435,7.435,7.435,7.435,7.435,7.43,7.435,7.44,7.455,7.455,7.455,7.465,7.46,7.465,7.47,7.465,7.465,7.465,7.465,7.47,7.47,7.465,7.46,7.46,7.46,7.47
0,7.445,7.445,7.445,7.44,7.44,7.435,7.45,7.45,7.45,7.45,7.445,7.445,7.445,7.435,7.445,7.45,7.44,7.44,7.445,7.46,7.46,7.46,7.455,7.46,7.46,7.46,7.45,7.445,7.445,7.445,7.45,7.44,7.445,7.44,7.445,7.445,7.445,7.44,7.44,7.445,7.45,7.445,7.45,7.455,7.455,7.46,7.47,7.47,7.465,7.46,7.46,7.46,7.46,7.455,7.46,7.465,7.455,7.455,7.455,7.455,7.45,7.44,7.445,7.445,7.445,7.44,7.445,7.445,7.445,7.445,7.445,7.445,7.445,7.445,7.445,7.445,7.45,7.445,7.445,7.44,7.435,7.435,7.435,7.445,7.46,7.455,7.45,7.445,7.445,7.45,7.45,7.45,7.445,7.445,7.45,7.445,7.445,7.44,7.44,7.44,7.44,7.445,7.44,7.445,7.44,7.44,7.435,7.44,7.45,7.45,7.44,7.455,7.455,7.45,7.44,7.43,7.425,7.43,7.435,7.435
,7.44,7.435,7.44,7.43,7.435,7.435,7.44,7.465,7.45,7.455,7.455,7.465,7.47,7.46,7.46,7.455,7.46,7.46,7.455,7.45,7.455,7.465,7.455,7.45,7.45,7.455,7.45,7.445,7.45,7.45,7.45,7.45,7.45,7.455,7.45,7.445,7.45,7.445,7.44,7.45,7.44,7.44,7.44,7.45,7.45,7.445,7.455,7.47,7.465,7.45,7.45,7.445,7.44,7.44,7.45,7.445,7.45,7.45,7.45,7.445,7.445,7.45,7.445,7.45,7.455,7.465,7.46,7.455,7.465,7.46,7.455,7.45,7.435,7.44,7.46,7.45,7.445,7.45,7.445,7.46,7.46,7.46,7.46,7.46,7.455,7.455,7.455,7.45,7.44,7.445,7.445,7.445,7.45,7.45,7.45,7.45,7.46,7.46,7.46,7.46,7.46,7.455,7.46,7.46,7.47,7.47,7.47,7.47,7.47,7.47,7.465,7.47,7.465,7.465,7.475,7.47,7.47,7.475,7.47,7.465
,7.465,7.465,7.46,7.46,7.46,7.46,7.46,7.455,7.45,7.455,7.45,7.445,7.445,7.445,7.445,7.445,7.445,7.44,7.45,7.45,7.44,7.435,7.44,7.445,7.445,7.45,7.44,7.455,7.445,7.45,7.455,7.45,7.445,7.445,7.46,7.465,7.46,7.46,7.455,7.45,7.445,7.44,7.445,7.45,7.445,7.445,7.445,7.445,7.445,7.445,7.45,7.46,7.445,7.445,7.445,7.445,7.44,7.435,7.44,7.44,7.435,7.43,7.43,7.43,7.435,7.44,7.44,7.435,7.435,7.435,7.435,7.43,7.435,7.435,7.43,7.43,7.435,7.435,7.435,7.44,7.445,7.445,7.44,7.44,7.44,7.435,7.44,7.435,7.435,7.435,7.435,7.435,7.43,7.43,7.435,7.43,7.43,7.43,7.42,7.435,7.445,7.44,7.435,7.43,7.435,7.435,7.435,7.43,7.44,7.455,7.46,7.47,7.465,7.46,7.46,7.455,7.455,7.455,7.45,7.455
20,7.445,7.44,7.44,7.43,7.43,7.425,7.435,7.425,7.425,7.42,7.42,7.42,7.425,7.425,7.43,7.43,7.425,7.425,7.42,7.425,7.43,7.435,7.435,7.435,7.43,7.435,7.44,7.445,7.44,7.44,7.44,7.435,7.44,7.445,7.435,7.435,7.435,7.435,7.43,7.43,7.435,7.435,7.435,7.43,7.425,7.425,7.425,7.425,7.425,7.425,7.43,7.43,7.43,7.43,7.425,7.425,7.425,7.425,7.425,7.42,7.425,7.42,7.415,7.415,7.43,7.435,7.44,7.45,7.445,7.45,7.44,7.435,7.44,7.435,7.435,7.43,7.435,7.44,7.445,7.445,7.435,7.425,7.43,7.435,7.435,7.435,7.435,7.43,7.43,7.44,7.44,7.44,7.44,7.43,7.43,7.44,7.43,7.44,7.435,7.43,7.435,7.435,7.445,7.45,7.45,7.445,7.44,7.43,7.43,7.435,7.435,7.435,7.435,7.435,7.44,7.445,7.445,7.445,7.44,7.44
,7.455,7.45,7.445,7.45,7.45,7.455,7.455,7.455,7.455,7.45,7.455,7.46,7.46,7.46,7.455,7.46,7.46,7.455,7.45,7.45,7.445,7.445,7.445,7.44,7.435,7.43,7.43,7.425,7.425,7.425,7.425,7.425,7.43,7.435,7.455,7.455,7.445,7.445,7.465,7.46,7.46,7.46,7.465,7.455,7.45,7.445,7.445,7.44,7.445,7.45,7.45,7.45,7.45,7.45,7.46,7.465,7.465,7.465,7.465,7.465,7.46,7.46,7.455,7.455,7.46,7.46,7.47,7.46,7.46,7.45,7.445,7.45,7.45,7.45,7.45,7.455,7.45,7.45,7.445,7.44,7.44,7.44,7.435,7.43,7.425,7.43,7.425,7.425,7.43,7.435,7.435,7.435,7.435,7.43,7.425,7.425,7.425,7.425,7.435,7.435,7.435,7.45,7.45,7.45,7.45,7.445,7.45,7.455,7.455,7.45,7.45,7.455,7.455,7.455,7.45,7.455,7.45,7.455,7.45,7.45
,7.455,7.44,7.425,7.42,7.44,7.44,7.44,7.44,7.44,7.435,7.44,7.435,7.44,7.435,7.435,7.435,7.44,7.435,7.445,7.455,7.455,7.455,7.45,7.44,7.445,7.44,7.435,7.43,7.43,7.425,7.435,7.425,7.42,7.43,7.43,7.43,7.425,7.43,7.43,7.425,7.42,7.415,7.415,7.41,7.415,7.415,7.42,7.42,7.41,7.41,7.42,7.42,7.42,7.415,7.42,7.415,7.425,7.43,7.44,7.435,7.445,7.43,7.435,7.43,7.435,7.44,7.43,7.435,7.44,7.44,7.435,7.44,7.435,7.425,7.435,7.435,7.44,7.44,7.44,7.44,7.45,7.45,7.445,7.435,7.435,7.435,7.435,7.445,7.45,7.445,7.445,7.44,7.445,7.45,7.44,7.44,7.44,7.445,7.435,7.43,7.435,7.44,7.435,7.44,7.45,7.445,7.445,7.46,7.47,7.465,7.455,7.455,7.455,7.455,7.45,7.445,7.445,7.455,7.45,7.435
40,6.615,6.615,6.62,6.62,6.62,6.615,6.62,6.625,6.625,6.625,6.62,6.62,6.62,6.615,6.61,7.395,7.39,7.38,6.585,6.585,6.59,6.59,6.6,6.595,6.6,6.6,6.595,6.585,6.59,6.58,6.575,6.59,6.59,6.595,6.59,6.585,6.585,6.58,6.575,6.575,6.575,6.575,6.585,6.595,6.605,6.61,6.61,6.605,7.4,7.395,7.4,7.4,7.39,7.39,7.385,7.38,6.585,6.585,7.38,6.585,6.585,7.37,7.365,7.365,7.365,7.37,6.575,6.575,6.575,6.57,6.57,6.57,6.575,6.575,6.575,6.58,6.58,6.58,7.375,7.37,7.375,7.38,6.59,7.39,6.6,6.6,6.6,6.595,6.595,7.39,7.39,7.385,7.385,6.585,7.38,7.375,7.37,6.575,6.575,7.37,7.365,6.565,6.565,6.57,6.575,6.575,6.565,6.57,6.57,6.565,6.565,6.565,6.565,6.565,6.565,6.565,6.56,6.55,6.55,6.55
,6.595,6.595,6.595,6.59,6.59,7.385,6.585,6.58,6.59,6.595,6.585,6.595,6.595,6.585,6.59,6.59,6.59,6.58,7.38,6.58,7.365,7.36,7.365,6.565,6.565,6.565,6.57,6.57,7.365,6.575,7.37,6.58,6.58,7.375,7.37,7.37,6.575,6.57,7.365,6.57,7.355,7.355,7.36,6.57,7.37,6.575,6.57,6.57,6.565,6.56,6.565,6.565,6.56,6.56,6.55,6.55,6.545,6.535,6.54,6.55,6.555,6.55,6.55,7.345,6.55,6.545,7.34,6.55,6.55,6.56,6.575,6.58,6.575,6.58,6.585,6.58,6.575,6.575,6.57,6.57,6.565,6.565,6.565,6.56,6.555,6.56,6.555,6.555,6.555,6.56,6.565,6.56,6.56,6.565,6.56,6.56,6.555,6.56,6.555,6.555,7.345,6.55,6.555,7.36,6.555,6.56,6.565,6.565,6.57,6.57,6.57,6.565,6.565,6.56,6.56,6.58,6.575,6.585,6.595,6.6
,6.58,6.585,6.585,6.595,6.605,6.605,6.605,6.61,6.61,6.61,6.615,6.61,6.61,6.615,6.61,6.61,6.605,6.605,6.61,6.605,6.615,6.615,6.61,6.605,6.605,6.605,6.6,6.6,6.595,6.59,6.59,6.59,6.59,6.585,6.585,6.59,6.59,6.59,6.595,6.595,6.6,6.605,6.61,6.615,6.62,6.62,6.62,6.62,6.62,6.62,6.615,6.615,6.615,6.61,7.4,7.4,7.395,6.6,7.395,6.595,6.595,6.595,7.395,6.605,6.61,6.61,7.395,6.61,6.615,6.615,6.615,6.61,6.61,6.605,6.6,6.595,6.595,6.6,6.6,6.605,6.605,6.61,6.605,6.6,6.6,6.6,6.605,6.61,6.61,6.61,7.4,6.605,7.395,7.395,7.39,7.39,7.39,6.595,6.6,6.595,6.59,6.585,6.585,6.59,6.59,6.58,6.58,6.58,6.58,6.575,6.58,6.58,6.58,6.58,6.58,6.58,6.58,6.59,6.59,6.59
60,7.255,7.255,7.255,7.255,7.255,7.255,7.255,7.255,7.25,7.255,7.255,7.26,7.26,7.26,7.26,7.26,7.26,7.255,7.255,7.255,7.255,7.255,7.255,7.255,7.255,7.255,7.255,7.255,7.25,7.255,7.255,7.255,7.25,7.25,7.25,7.25,7.25,7.25,7.25,7.25,7.25,7.245,7.25,7.25,7.25,7.25,7.245,7.24,7.24,7.24,7.24,7.24,7.24,7.24,7.24,7.245,7.25,7.255,7.255,7.25,7.25,7.255,7.255,7.26,7.255,7.255,7.25,7.25,7.25,7.245,7.24,7.24,7.24,7.235,7.245,7.25,7.255,7.25,7.255,7.255,7.25,7.255,7.255,7.255,7.255,7.255,7.25,7.255,7.255,7.25,7.25,7.245,7.245,7.24,7.245,7.245,7.25,7.245,7.245,7.245,7.24,7.245,7.245,7.245,7.25,7.245,7.255,7.25,7.25,7.255,7.255,7.26,7.255,7.26,7.265,7.265,7.265,7.26,7.26,7.265
,7.26,7.26,7.255,7.255,7.255,7.255,7.255,7.255,7.255,7.26,7.26,7.255,7.255,7.26,7.26,7.255,7.25,7.25,7.25,7.25,7.255,7.255,7.255,7.255,7.25,7.25,7.255,7.255,7.255,7.26,7.26,7.265,7.265,7.265,7.265,7.26,7.255,7.255,7.255,7.255,7.255,7.255,7.255,7.255,7.26,7.255,7.255,7.26,7.265,7.265,7.265,7.26,7.26,7.26,7.255,7.25,7.25,7.25,7.245,7.25,7.26,7.26,7.26,7.26,7.255,7.255,7.255,7.25,7.25,7.25,7.25,7.26,7.265,7.265,7.265,7.265,7.265,7.265,7.26,7.26,7.26,7.25,7.25,7.25,7.255,7.26,7.26,7.26,7.26,7.265,7.265,7.265,7.265,7.265,7.265,7.265,7.265,7.265,7.265,7.27,7.27,7.27,7.27,7.275,7.275,7.275,7.275,7.28,7.28,7.28,7.28,7.28,7.28,7.28,7.28,7.28,7.28,7.285,7.285,7.29
,7.27,7.27,7.265,7.265,7.265,7.26,7.255,7.25,7.255,7.255,7.255,7.255,7.26,7.26,7.26,7.255,7.255,7.255,7.255,7.255,7.255,7.255,7.25,7.245,7.245,7.255,7.255,7.255,7.255,7.25,7.25,7.25,7.25,7.25,7.255,7.265,7.27,7.26,7.26,7.255,7.255,7.26,7.265,7.27,7.27,7.265,7.265,7.27,7.27,7.27,7.27,7.265,7.26,7.26,7.255,7.25,7.255,7.255,7.255,7.26,7.27,7.275,7.275,7.275,7.275,7.275,7.28,7.28,7.275,7.275,7.275,7.28,7.28,7.285,7.285,7.285,7.29,7.29,7.29,7.29,7.29,7.29,7.29,7.29,7.29,7.29,7.285,7.285,7.29,7.29,7.29,7.29,7.29,7.29,7.285,7.285,7.285,7.285,7.285,7.285,7.285,7.285,7.285,7.29,7.29,7.29,7.29,7.29,7.285,7.285,7.28,7.28,7.275,7.275,7.27,7.27,7.27,7.27,7.27,7.27
80,7.255,7.255,7.255,7.25,7.25,7.245,7.24,7.24,7.24,7.24,7.245,7.245,7.245,7.235,7.235,7.245,7.25,7.245,7.24,7.26,7.27,7.26,7.245,7.255,7.265,7.265,7.26,7.255,7.245,7.245,7.255,7.26,7.255,7.26,7.27,7.265,7.265,7.255,7.255,7.255,7.255,7.25,7.255,7.265,7.26,7.255,7.26,7.26,7.26,7.26,7.265,7.265,7.265,7.265,7.26,7.265,7.26,7.26,7.26,7.265,7.26,7.255,7.255,7.255,7.255,7.25,7.25,7.25,7.255,7.255,7.25,7.245,7.24,7.245,7.235,7.235,7.23,7.23,7.23,7.25,7.245,7.245,7.235,7.25,7.245,7.255,7.255,7.26,7.26,7.26,7.255,7.25,7.24,7.23,7.24,7.265,7.26,7.265,7.26,7.26,7.26,7.26,7.26,7.255,7.255,7.255,7.245,7.265,7.265,7.26,7.255,7.25,7.245,7.245,7.24,7.255,7.265,7.26,7.255,7.245
,7.235,7.23,7.22,7.21,7.21,7.215,7.215,7.21,7.21,7.215,7.21,7.215,7.215,7.22,7.225,7.225,7.23,7.225,7.225,7.23,7.23,7.22,7.215,7.215,7.21,7.205,7.21,7.215,7.22,7.22,7.225,7.22,7.215,7.21,7.22,7.215,7.215,7.21,7.21,7.21,7.22,7.22,7.22,7.215,7.215,7.21,7.21,7.21,7.215,7.22,7.215,7.22,7.215,7.22,7.21,7.215,7.21,7.205,7.205,7.205,7.205,7.205,7.205,7.2,7.205,7.2,7.2,7.2,7.2,7.195,7.2,7.205,7.205,7.205,7.205,7.205,7.2,7.2,7.2,7.205,7.2,7.2,7.2,7.2,7.205,7.205,7.205,7.205,7.205,7.205,7.21,7.215,7.225,7.23,7.24,7.235,7.235,7.23,7.23,7.23,7.23,7.23,7.225,7.215,7.22,7.21,7.245,7.25,7.245,7.235,7.23,7.22,7.235,7.24,7.23,7.245,7.235,7.25,7.245,7.25
,7.25,7.25,7.25,7.25,7.25,7.25,7.25,7.245,7.245,7.245,7.24,7.24,7.245,7.24,7.245,7.245,7.245,7.245,7.24,7.24,7.24,7.245,7.24,7.24,7.235,7.235,7.24,7.235,7.23,7.225,7.225,7.22,7.22,7.215,7.205,7.205,7.21,7.215,7.22,7.23,7.23,7.235,7.23,7.23,7.225,7.22,7.215,7.21,7.2,7.2,7.2,7.2,7.2,7.205,7.205,7.2,7.21,7.215,7.215,7.21,7.22,7.22,7.225,7.225,7.225,7.225,7.225,7.225,7.225,7.22,7.225,7.22,7.22,7.22,7.22,7.22,7.22,7.22,7.215,7.21,7.21,7.215,7.215,7.21,7.21,7.21,7.205,7.205,7.215,7.215,7.205,7.2,7.22,7.22,7.225,7.23,7.225,7.215,7.22,7.225,7.225,7.23,7.235,7.23,7.23,7.225,7.22,7.215,7.22,7.225,7.225,7.225,7.225,7.225,7.225,7.22,7.225,7.225,7.225,7.225
100,7.28,7.285,7.28,7.28,7.285,7.285,7.285,7.295,7.295,7.29,7.295,7.29,7.29,7.29,7.29,7.295,7.285,7.285,7.295,7.295,7.3,7.3,7.295,7.295,7.3,7.295,7.3,7.3,7.3,7.3,7.305,7.3,7.295,7.295,7.3,7.3,7.31,7.3,7.295,7.29,7.295,7.3,7.295,7.305,7.31,7.305,7.3,7.295,7.285,7.29,7.28,7.28,7.28,7.285,7.295,7.295,7.3,7.3,7.295,7.29,7.295,7.295,7.295,7.295,7.29,7.285,7.285,7.29,7.295,7.29,7.29,7.285,7.285,7.285,7.29,7.295,7.295,7.3,7.305,7.3,7.3,7.295,7.29,7.295,7.3,7.3,7.305,7.3,7.295,7.295,7.29,7.29,7.295,7.295,7.29,7.29,7.29,7.285,7.285,7.28,7.285,7.29,7.29,7.29,7.29,7.285,7.285,7.285,7.29,7.29,7.295,7.3,7.295,7.295,7.295,7.295,7.29,7.285,7.285,7.285
,7.285,7.28,7.285,7.28,7.285,7.29,7.285,7.285,7.285,7.29,7.285,7.285,7.285,7.28,7.285,7.285,7.285,7.28,7.285,7.285,7.285,7.285,7.285,7.29,7.295,7.295,7.29,7.29,7.29,7.295,7.3,7.29,7.29,7.285,7.285,7.285,7.29,7.285,7.285,7.29,7.29,7.285,7.28,7.28,7.28,7.275,7.27,7.265,7.26,7.26,7.275,7.285,7.29,7.29,7.29,7.29,7.295,7.3,7.295,7.295,7.29,7.295,7.295,7.295,7.295,7.295,7.29,7.29,7.29,7.29,7.285,7.285,7.28,7.28,7.28,7.28,7.27,7.27,7.275,7.28,7.275,7.275,7.275,7.275,7.275,7.27,7.27,7.275,7.275,7.275,7.28,7.28,7.285,7.29,7.295,7.3,7.3,7.3,7.295,7.295,7.295,7.295,7.295,7.285,7.28,7.285,7.285,7.29,7.29,7.29,7.28,7.28,7.275,7.29,7.29,7.28,7.285,7.285,7.285,7.285
,7.3,7.295,7.295,7.3,7.3,7.3,7.295,7.3,7.3,7.295,7.29,7.295,7.3,7.295,7.3,7.295,7.3,7.3,7.3,7.3,7.295,7.3,7.305,7.305,7.31,7.31,7.305,7.305,7.31,7.31,7.31,7.31,7.31,7.305,7.305,7.305,7.305,7.305,7.305,7.3,7.3,7.3,7.3,7.3,7.295,7.295,7.295,7.295,7.295,7.29,7.295,7.3,7.295,7.3,7.305,7.31,7.31,7.305,7.305,7.305,7.305,7.31,7.31,7.31,7.31,7.305,7.305,7.305,7.305,7.305,7.305,7.305,7.305,7.31,7.31,7.31,7.305,7.305,7.3,7.3,7.305,7.305,7.31,7.31,7.31,7.315,7.32,7.315,7.315,7.315,7.32,7.315,7.315,7.315,7.31,7.305,7.305,7.305,7.305,7.305,7.305,7.3,7.3,7.3,7.305,7.305,7.305,7.305,7.3,7.3,7.295,7.3,7.3,7.3,7.3,7.295,7.295,7.29,7.29,7.29
4m,,,,,,,,,,,,,,,,,,,,,,,,,,,,,,,,,,,,,,,,,,,,,,,,,,,,,,,,,,,,,,,,,,,,,,,,,,,,,,,,,,,,,,,,,,,,,,,,,,,,,,,,,,,,,,,,,,,,,,,,
-100,12.285,13.125,12.275,12.275,13.1,13.115,13.105,12.275,12.27,13.1,12.28,13.11,12.265,13.105,12.28,13.12,13.12,13.13,13.125,13.12,13.125,13.115,13.115,13.115,13.11,12.275,13.105,13.105,12.26,12.26,13.095,13.09,13.085,12.24,12.255,13.105,13.11,13.12,13.12,13.1,13.095,13.095,13.09,12.275,13.1,13.09,13.09,13.085,13.105,13.095,13.095,13.09,13.095,13.105,13.105,12.27,13.115,13.115,13.11,13.11,13.11,12.27,12.255,12.255,12.255,12.25,12.26,13.105,12.28,13.085,13.1,13.095,13.105,13.11,13.11,12.285,13.11,13.13,12.29,13.13,12.295,12.3,12.275,13.115,12.285,13.12,13.12,13.1,13.11,12.27,12.265,13.105,12.26,12.24,12.25,13.075,13.07,13.075,13.075,13.075,12.25,12.245,12.255,12.25,12.245,12.26,12.245,12.255,12.25,13.09,13.095,13.09,13.095,13.105,13.11,12.27,13.1,13.11,12.27,13.095
,13.095,12.27,13.11,13.12,12.29,13.125,13.12,13.115,13.11,12.28,13.11,12.28,13.1,12.255,13.105,12.275,13.105,13.095,13.105,13.125,12.295,13.115,12.265,13.1,13.115,13.125,13.125,13.115,13.12,12.28,13.11,13.125,12.28,12.255,13.095,13.1,13.105,13.11,13.12,12.275,13.115,13.115,12.305,12.3,13.13,12.29,12.285,13.115,13.11,13.11,12.265,13.125,12.285,13.12,13.12,12.305,13.145,13.13,13.14,13.135,13.14,13.14,13.145,13.155,13.165,13.17,13.17,12.33,13.165,13.16,12.325,13.155,13.155,13.15,13.155,13.155,13.165,13.17,13.175,13.18,13.18,13.18,13.18,13.185,13.18,13.17,13.17,13.17,13.165,13.15,13.145,13.16,13.16,12.32,13.16,13.155,13.15,13.155,13.14,13.15,13.135,13.13,13.125,13.115,13.12,13.13,13.13,13.14,13.14,13.145,13.15,13.15,13.135,13.135,13.135,13.14,13.14,13.14,13.14,12.3
,13.13,13.125,13.12,13.115,13.12,13.125,13.125,13.13,13.135,13.125,13.135,13.125,13.12,13.135,13.13,12.28,13.115,13.125,13.125,13.135,13.14,13.14,13.15,12.31,13.135,13.11,13.115,13.12,13.125,13.125,13.125,13.11,13.12,13.11,13.12,13.115,13.12,13.125,12.31,13.145,12.325,13.155,13.165,13.15,12.3,13.14,12.31,13.14,13.155,13.145,13.135,12.3,13.13,13.13,13.135,13.135,13.135,13.125,13.11,13.1,12.265,13.105,13.095,13.1,13.105,13.11,13.105,13.105,13.1,13.1,13.11,12.265,12.26,13.11,13.1,12.265,12.255,12.265,13.095,13.095,13.105,13.1,12.265,12.26,13.1,13.105,13.11,12.27,13.105,12.265,13.095,13.115,13.13,12.29,13.115,12.275,13.13,13.125,13.135,13.135,13.145,13.16,13.16,13.15,13.135,13.15,13.165,13.16,13.15,13.145,13.145,13.12,12.28,12.285,12.27,13.1,12.275,13.11,13.1,12.275
-80,13.03,13.035,13.035,13.03,13.035,13.04,13.035,13.035,13.035,13.03,13.025,13.035,13.04,13.045,13.045,13.055,13.06,13.06,13.07,13.075,13.055,13.055,13.055,13.06,13.065,13.065,13.07,13.075,13.075,13.08,13.085,13.09,13.085,13.08,13.085,13.08,13.075,13.075,13.075,13.08,13.075,13.075,13.075,13.07,13.065,13.06,13.06,13.06,13.055,13.06,13.075,13.08,13.075,13.075,13.06,13.055,13.05,13.04,13.035,13.035,13.035,13.035,13.04,13.04,13.045,13.05,13.045,13.05,13.065,13.06,13.065,13.07,13.075,13.08,13.085,13.095,13.1,13.105,13.11,13.115,13.115,13.12,13.125,13.125,13.13,13.13,13.13,13.125,13.125,13.12,13.115,13.11,13.11,13.11,13.11,13.11,13.11,13.11,13.105,13.1,13.095,13.09,13.085,13.085,13.09,13.09,13.09,13.085,13.08,13.08,13.075,13.075,13.065,13.065,13.065,13.055,13.055,13.065,13.06,13.065
,13.065,13.075,13.075,13.07,13.08,13.085,13.09,13.1,13.1,13.09,13.085,13.075,13.065,13.065,13.065,13.06,13.055,13.045,13.045,13.045,13.045,13.04,13.04,13.04,13.04,13.035,13.03,13.035,13.045,13.045,13.04,13.035,13.035,13.03,13.04,13.035,13.035,13.03,13.02,13.015,13.005,13.01,13.015,13.025,13.01,13,13,12.995,12.99,12.975,12.99,13.025,13.01,13.02,13.02,13.015,13.025,13.035,13.04,13.04,13.035,13.045,13.045,13.05,13.05,13.045,13.045,13.045,13.04,13.04,13.03,13.035,13.04,13.035,13.025,13.03,13.035,13.04,13.04,13.04,13.05,13.05,13.05,13.055,13.06,13.055,13.05,13.04,13.03,13.025,13.02,13.02,13.02,13.015,13.02,13.02,13.02,13.02,13.025,13.025,13.03,13.025,13.015,13.015,13.02,13.015,13.01,13.01,13.01,13.015,13.02,13.02,13.025,13.025,13.02,13.025,13.02,13.01,13,13.01
,13.04,13.045,13.05,13.06,13.055,13.04,13.055,13.04,13.055,13.08,13.075,13.075,13.08,13.08,13.07,13.065,13.07,13.065,13.07,13.065,13.065,13.055,13.08,13.1,13.095,13.12,13.105,13.09,13.105,13.11,13.11,13.095,13.095,13.09,13.085,13.06,13.065,13.065,13.065,13.085,13.09,13.09,13.08,13.085,13.075,13.085,13.08,13.07,13.065,13.065,13.06,13.055,13.06,13.045,13.04,13.045,13.045,13.04,13.04,13.05,13.06,13.07,13.065,13.07,13.06,13.04,13.07,13.09,13.08,13.06,13.075,13.105,13.09,13.08,13.09,13.085,13.065,13.065,13.06,13.055,13.05,13.075,13.1,13.1,13.11,13.115,13.135,13.115,13.105,13.105,13.09,13.085,13.075,13.075,13.07,13.07,13.065,13.07,13.07,13.065,13.09,13.105,13.095,13.085,13.1,13.1,13.09,13.085,13.095,13.11,13.09,13.09,13.105,13.085,13.085,13.105,13.1,13.095,13.09,13.095
,13.08,13.08,13.07,13.07,13.08,13.075,13.09,13.115,13.105,13.1,13.11,13.085,13.08,13.08,13.08,13.07,13.065,13.06,13.06,13.075,13.105,13.115,13.11,13.11,13.09,13.08,13.09,13.095,13.08,13.1,13.09,13.105,13.105,13.115,13.105,13.1,13.12,13.115,13.105,13.1,13.105,13.11,13.11,13.105,13.105,13.1,13.095,13.1,13.095,13.09,13.09,13.085,13.08,13.075,13.06,13.065,13.06,13.05,13.055,13.045,13.035,13.05,13.05,13.045,13.05,13.05,13.045,13.045,13.04,13.04,13.04,13.035,13.04,13.025,13.015,13.015,13.025,13.025,13.02,13.015,13.03,13.035,13.045,13.045,13.04,13.045,13.05,13.04,13.045,13.05,13.04,13.035,13.04,13.05,13.065,13.06,13.035,13.025,13.02,13.035,13.04,13.045,13.04,13.04,13.04,13.035,13.03,13.015,13.025,13.03,13.03,13.03,13.03,13.03,13.03,13.04,13.04,13.03,13.03,13.025
-60,13.055,13.055,13.045,13.045,13.05,13.05,13.055,13.06,13.065,13.07,13.06,13.06,13.075,13.075,13.085,13.095,13.11,13.11,13.105,13.105,13.105,13.115,13.12,13.11,13.105,13.12,13.115,13.1,13.085,13.09,13.085,13.08,13.09,13.075,13.095,13.095,13.09,13.08,13.085,13.08,13.075,13.085,13.08,13.08,13.08,13.06,13.045,13.055,13.07,13.095,13.085,13.08,13.07,13.07,13.07,13.055,13.05,13.065,13.07,13.075,13.075,13.08,13.08,13.075,13.075,13.08,13.09,13.095,13.085,13.1,13.09,13.09,13.095,13.09,13.09,13.095,13.095,13.075,13.09,13.09,13.095,13.09,13.08,13.07,13.08,13.07,13.06,13.07,13.075,13.075,13.07,13.065,13.06,13.065,13.07,13.075,13.08,13.07,13.065,13.07,13.065,13.065,13.09,13.085,13.07,13.045,13.03,13.04,13.04,13.045,13.045,13.055,13.05,13.055,13.06,13.06,13.055,13.055,13.055,13.065
,13.035,13.04,13.04,13.035,13.035,13.035,13.03,13.035,13.035,13.035,13.04,13.04,13.035,13.035,13.04,13.035,13.03,13.03,13.03,13.025,13.02,13.02,13.02,13.025,13.035,13.035,13.035,13.045,13.045,13.05,13.06,13.055,13.055,13.045,13.04,13.04,13.045,13.035,13.035,13.03,13.025,13.025,13.03,13.025,13.035,13.04,13.045,13.035,13.04,13.045,13.05,13.045,13.055,13.06,13.055,13.045,13.05,13.045,13.035,13.03,13.025,13.03,13.025,13.025,13.03,13.02,13.02,13.02,13.015,13.01,13.015,13.03,13.025,13.025,13.035,13.045,13.035,13.045,13.05,13.055,13.05,13.045,13.05,13.06,13.06,13.05,13.045,13.055,13.065,13.075,13.065,13.055,13.045,13.045,13.04,13.035,13.04,13.04,13.035,13.04,13.03,13.03,13.045,13.05,13.045,13.04,13.04,13.045,13.055,13.04,13.055,13.055,13.06,13.06,13.065,13.06,13.06,13.055,13.05,13.05
,13.01,13.025,13.045,13.055,13.05,13.05,13.05,13.04,13.045,13.05,13.05,13.05,13.04,13.035,13.03,13.03,13.03,13.03,13.03,13.03,13.025,13.025,13.025,13.035,13.04,13.04,13.04,13.04,13.04,13.035,13.035,13.03,13.03,13.03,13.04,13.04,13.04,13.04,13.035,13.03,13.025,13.02,13.025,13.025,13.02,13.015,13.01,13.005,13,12.995,13,13.005,13.01,13.02,13.01,13.005,13.01,13.005,13.005,13,13,13,13,13.005,13.02,13.015,13.01,13.035,13.025,13.015,13.025,13.025,13.03,13.04,13.05,13.045,13.045,13.045,13.035,13.035,13.05,13.065,13.075,13.075,13.08,13.08,13.08,13.085,13.075,13.07,13.08,13.095,13.085,13.075,13.07,13.08,13.08,13.075,13.07,13.075,13.075,13.07,13.06,13.06,13.06,13.06,13.06,13.065,13.06,13.05,13.05,13.05,13.055,13.055,13.045,13.045,13.045,13.04,13.04,13.04
-40,13.13,13.125,13.12,13.125,13.13,13.125,13.13,13.13,13.13,13.13,13.145,13.15,13.135,13.125,13.115,13.12,13.11,13.125,13.115,13.12,13.105,13.115,13.115,13.11,13.11,13.11,13.125,13.125,13.12,13.12,13.115,13.105,13.105,13.125,13.125,13.125,13.115,13.12,13.115,13.12,13.125,13.125,13.125,13.135,13.135,13.135,13.15,13.135,13.125,13.135,13.155,13.135,13.12,13.11,13.115,13.105,13.1,13.11,13.115,13.12,13.12,13.125,13.12,13.125,13.125,13.125,13.125,13.11,13.115,13.115,13.115,13.12,13.115,13.12,13.115,13.115,13.115,13.12,13.12,13.12,13.12,13.125,13.125,13.13,13.135,13.135,13.135,13.14,13.14,13.145,13.135,13.125,13.12,13.115,13.11,13.11,13.11,13.11,13.115,13.11,13.11,13.115,13.11,13.105,13.11,13.11,13.105,13.11,13.12,13.13,13.125,13.125,13.125,13.13,13.13,13.13,13.135,13.135,13.135,13.13
,13.1,13.12,13.12,13.125,13.11,13.115,13.11,13.115,13.115,13.1,13.09,13.095,13.09,13.095,13.1,13.11,13.115,13.105,13.1,13.095,13.09,13.095,13.105,13.125,13.14,13.145,13.14,13.145,13.145,13.14,13.13,13.135,13.135,13.12,13.115,13.115,13.105,13.115,13.085,13.07,13.075,13.065,13.07,13.065,13.08,13.075,13.085,13.085,13.09,13.085,13.095,13.095,13.09,13.085,13.095,13.11,13.115,13.115,13.13,13.13,13.135,13.13,13.12,13.125,13.12,13.125,13.12,13.115,13.12,13.13,13.135,13.13,13.135,13.13,13.13,13.13,13.125,13.13,13.125,13.12,13.12,13.12,13.115,13.115,13.115,13.105,13.105,13.11,13.11,13.11,13.11,13.11,13.11,13.105,13.11,13.11,13.11,13.105,13.105,13.105,13.105,13.105,13.105,13.105,13.105,13.11,13.11,13.105,13.115,13.11,13.105,13.1,13.1,13.095,13.09,13.095,13.1,13.115,13.115,13.105
,13.08,13.095,13.085,13.07,13.06,13.06,13.06,13.06,13.06,13.06,13.07,13.09,13.1,13.1,13.1,13.09,13.085,13.09,13.095,13.095,13.1,13.105,13.1,13.12,13.115,13.115,13.11,13.105,13.095,13.095,13.095,13.095,13.09,13.09,13.085,13.085,13.09,13.085,13.08,13.08,13.08,13.08,13.08,13.08,13.075,13.08,13.075,13.07,13.07,13.065,13.065,13.07,13.065,13.06,13.06,13.065,13.065,13.065,13.055,13.06,13.065,13.07,13.07,13.075,13.07,13.07,13.07,13.07,13.08,13.075,13.07,13.065,13.065,13.07,13.09,13.105,13.12,13.12,13.115,13.105,13.105,13.095,13.085,13.095,13.095,13.095,13.09,13.095,13.1,13.1,13.1,13.1,13.095,13.095,13.105,13.105,13.11,13.105,13.125,13.12,13.115,13.105,13.095,13.105,13.11,13.105,13.1,13.095,13.085,13.085,13.09,13.11,13.09,13.1,13.105,13.115,13.125,13.13,13.13,13.115
-20,13.205,13.2,13.2,13.205,13.195,13.205,13.205,13.2,13.2,13.195,13.195,13.185,13.185,13.185,13.195,13.2,13.195,13.205,13.205,13.205,13.2,13.205,13.2,13.2,13.205,13.205,13.2,13.2,13.21,13.215,13.215,13.22,13.23,13.235,13.235,13.225,13.22,13.22,13.215,13.21,13.21,13.215,13.215,13.23,13.23,13.23,13.235,13.24,13.235,13.23,13.23,13.22,13.225,13.22,13.225,13.22,13.21,13.22,13.23,13.235,13.24,13.245,13.245,13.25,13.25,13.245,13.245,13.245,13.24,13.24,13.24,13.235,13.235,13.23,13.23,13.23,13.225,13.225,13.225,13.23,13.23,13.23,13.23,13.23,13.23,13.23,13.225,13.22,13.22,13.21,13.215,13.21,13.21,13.215,13.215,13.22,13.215,13.21,13.205,13.195,13.205,13.2,13.195,13.19,13.19,13.185,13.185,13.195,13.21,13.215,13.21,13.21,13.2,13.195,13.195,13.185,13.18,13.19,13.205,13.2
,13.195,13.205,13.205,13.205,13.2,13.2,13.205,13.205,13.205,13.205,13.205,13.205,13.205,13.21,13.22,13.22,13.215,13.215,13.215,13.215,13.21,13.205,13.205,13.21,13.21,13.215,13.215,13.21,13.215,13.225,13.23,13.22,13.215,13.21,13.21,13.205,13.195,13.195,13.19,13.195,13.195,13.195,13.195,13.19,13.195,13.195,13.2,13.19,13.195,13.205,13.2,13.2,13.205,13.21,13.21,13.205,13.205,13.205,13.215,13.21,13.205,13.205,13.205,13.2,13.19,13.195,13.2,13.205,13.195,13.195,13.2,13.195,13.18,13.175,13.185,13.2,13.205,13.21,13.205,13.205,13.21,13.21,13.21,13.22,13.22,13.225,13.21,13.21,13.21,13.215,13.21,13.21,13.205,13.215,13.21,13.215,13.225,13.22,13.21,13.21,13.21,13.215,13.215,13.215,13.215,13.21,13.215,13.22,13.22,13.21,13.21,13.215,13.215,13.225,13.215,13.23,13.235,13.22,13.22,13.23
,13.195,13.195,13.205,13.2,13.2,13.2,13.215,13.22,13.23,13.24,13.245,13.25,13.26,13.26,13.26,13.255,13.25,13.25,13.25,13.245,13.24,13.245,13.24,13.245,13.245,13.26,13.27,13.27,13.26,13.255,13.255,13.255,13.255,13.26,13.27,13.27,13.27,13.27,13.265,13.255,13.255,13.25,13.245,13.245,13.24,13.235,13.235,13.23,13.22,13.22,13.225,13.23,13.23,13.23,13.235,13.235,13.235,13.245,13.245,13.25,13.25,13.25,13.25,13.24,13.235,13.23,13.235,13.24,13.235,13.235,13.235,13.225,13.23,13.24,13.235,13.225,13.22,13.215,13.215,13.21,13.22,13.22,13.23,13.23,13.225,13.22,13.215,13.215,13.215,13.215,13.225,13.225,13.225,13.22,13.225,13.23,13.235,13.235,13.235,13.225,13.22,13.21,13.205,13.2,13.195,13.195,13.205,13.21,13.21,13.205,13.205,13.205,13.2,13.2,13.195,13.195,13.205,13.195,13.21,13.205
0,13.23,13.22,13.22,13.22,13.225,13.23,13.24,13.245,13.24,13.24,13.24,13.23,13.23,13.24,13.24,13.235,13.235,13.235,13.235,13.23,13.24,13.24,13.235,13.235,13.24,13.245,13.245,13.245,13.25,13.25,13.25,13.245,13.245,13.245,13.245,13.24,13.24,13.24,13.245,13.25,13.25,13.255,13.26,13.265,13.27,13.27,13.27,13.27,13.27,13.27,13.275,13.28,13.28,13.285,13.285,13.29,13.29,13.29,13.285,13.285,13.285,13.28,13.275,13.275,13.275,13.275,13.27,13.27,13.27,13.265,13.265,13.265,13.265,13.265,13.265,13.265,13.265,13.26,13.26,13.26,13.26,13.26,13.26,13.26,13.26,13.255,13.25,13.245,13.24,13.24,13.245,13.25,13.255,13.255,13.255,13.25,13.25,13.25,13.25,13.245,13.245,13.24,13.24,13.235,13.235,13.235,13.24,13.25,13.255,13.25,13.245,13.24,13.24,13.23,13.22,13.21,13.205,13.215,13.215,13.22
,13.23,13.23,13.23,13.215,13.215,13.215,13.21,13.21,13.21,13.215,13.225,13.23,13.22,13.21,13.21,13.205,13.2,13.22,13.22,13.215,13.215,13.22,13.215,13.21,13.215,13.22,13.23,13.235,13.235,13.225,13.215,13.215,13.22,13.21,13.21,13.205,13.21,13.215,13.21,13.205,13.2,13.195,13.19,13.185,13.185,13.19,13.19,13.19,13.185,13.19,13.19,13.2,13.21,13.215,13.22,13.22,13.225,13.225,13.225,13.23,13.235,13.24,13.24,13.24,13.24,13.24,13.24,13.23,13.225,13.22,13.225,13.225,13.22,13.215,13.215,13.215,13.205,13.2,13.195,13.195,13.195,13.195,13.195,13.19,13.19,13.19,13.19,13.2,13.2,13.19,13.195,13.195,13.2,13.205,13.205,13.2,13.195,13.185,13.17,13.155,13.155,13.155,13.155,13.145,13.145,13.14,13.14,13.14,13.14,13.15,13.15,13.165,13.16,13.16,13.155,13.16,13.155,13.155,13.16,13.15
,13.165,13.165,13.16,13.165,13.175,13.18,13.185,13.185,13.19,13.2,13.2,13.2,13.195,13.18,13.165,13.165,13.175,13.185,13.17,13.175,13.18,13.2,13.205,13.2,13.21,13.205,13.21,13.215,13.21,13.22,13.22,13.225,13.225,13.21,13.205,13.22,13.23,13.245,13.225,13.225,13.215,13.23,13.25,13.25,13.245,13.245,13.245,13.23,13.23,13.225,13.23,13.23,13.225,13.215,13.205,13.205,13.205,13.205,13.2,13.205,13.215,13.21,13.205,13.21,13.205,13.21,13.205,13.21,13.225,13.225,13.22,13.225,13.215,13.235,13.235,13.215,13.22,13.24,13.23,13.235,13.25,13.25,13.235,13.225,13.22,13.23,13.235,13.23,13.23,13.225,13.23,13.25,13.245,13.23,13.225,13.23,13.225,13.23,13.235,13.225,13.235,13.22,13.215,13.22,13.22,13.215,13.23,13.23,13.225,13.245,13.25,13.235,13.25,13.255,13.25,13.235,13.245,13.24,13.255,13.275
20,13.18,13.18,13.18,13.185,13.19,13.185,13.185,13.175,13.18,13.17,13.165,13.165,13.165,13.165,13.175,13.185,13.185,13.185,13.185,13.185,13.185,13.175,13.17,13.17,13.165,13.165,13.165,13.165,13.175,13.18,13.175,13.175,13.16,13.155,13.16,13.165,13.15,13.135,13.13,13.12,13.115,13.12,13.13,13.135,13.13,13.125,13.125,13.145,13.145,13.135,13.12,13.12,13.115,13.12,13.11,13.11,13.12,13.135,13.13,13.135,13.14,13.14,13.145,13.14,13.145,13.145,13.14,13.135,13.135,13.125,13.13,13.13,13.135,13.135,13.14,13.125,13.13,13.14,13.165,13.17,13.165,13.16,13.17,13.16,13.175,13.18,13.185,13.18,13.175,13.175,13.175,13.19,13.19,13.19,13.195,13.19,13.2,13.21,13.215,13.21,13.21,13.215,13.215,13.21,13.215,13.22,13.215,13.215,13.215,13.22,13.215,13.21,13.21,13.215,13.21,13.205,13.215,13.21,13.2,13.205
,13.16,13.16,13.165,13.165,13.17,13.17,13.175,13.17,13.16,13.16,13.17,13.175,13.175,13.18,13.185,13.19,13.19,13.185,13.175,13.165,13.165,13.165,13.16,13.16,13.16,13.16,13.16,13.16,13.16,13.16,13.15,13.15,13.14,13.14,13.15,13.15,13.155,13.175,13.17,13.165,13.165,13.165,13.15,13.155,13.15,13.16,13.155,13.165,13.17,13.17,13.175,13.18,13.185,13.175,13.18,13.185,13.185,13.19,13.19,13.18,13.19,13.19,13.19,13.19,13.19,13.195,13.205,13.205,13.21,13.21,13.21,13.21,13.21,13.2,13.2,13.205,13.2,13.195,13.2,13.2,13.195,13.19,13.195,13.19,13.185,13.175,13.185,13.19,13.19,13.2,13.205,13.2,13.19,13.185,13.18,13.19,13.19,13.185,13.19,13.2,13.195,13.19,13.195,13.19,13.195,13.2,13.185,13.19,13.205,13.2,13.195,13.2,13.2,13.205,13.225,13.22,13.21,13.21,13.205,13.2
,13.145,13.145,13.145,13.145,13.145,13.135,13.13,13.125,13.12,13.115,13.12,13.12,13.12,13.125,13.125,13.13,13.13,13.13,13.145,13.145,13.15,13.16,13.165,13.16,13.15,13.155,13.15,13.14,13.135,13.14,13.145,13.15,13.145,13.14,13.135,13.14,13.135,13.13,13.14,13.14,13.135,13.13,13.13,13.13,13.145,13.155,13.16,13.17,13.175,13.18,13.18,13.19,13.19,13.185,13.19,13.19,13.19,13.185,13.185,13.18,13.18,13.18,13.185,13.185,13.185,13.18,13.18,13.18,13.175,13.17,13.165,13.16,13.16,13.16,13.16,13.155,13.16,13.165,13.165,13.165,13.165,13.165,13.16,13.16,13.16,13.16,13.165,13.16,13.16,13.16,13.155,13.16,13.155,13.155,13.16,13.16,13.155,13.155,13.155,13.155,13.165,13.16,13.16,13.16,13.16,13.16,13.17,13.18,13.18,13.18,13.19,13.19,13.19,13.19,13.19,13.19,13.19,13.195,13.2,13.2
40,13.05,13.055,13.055,13.055,13.06,13.055,13.055,13.055,13.05,13.04,13.045,13.055,13.055,13.055,13.05,13.06,13.055,13.045,13.04,13.04,13.035,13.03,13.035,13.04,13.045,13.05,13.045,13.045,13.045,13.045,13.045,13.04,13.045,13.055,13.06,13.065,13.07,13.06,13.055,13.05,13.045,13.04,13.04,13.04,13.03,13.02,13.015,13.015,13.01,13.015,13.025,13.045,13.05,13.045,13.04,13.025,13.03,13.05,13.055,13.06,13.065,13.055,13.055,13.055,13.055,13.055,13.035,13.05,13.035,13.05,13.05,13.04,13.04,13.035,13.03,13.035,13.04,13.03,13.03,13.025,13.03,13.03,13.025,13.035,13.02,13.015,13.005,13.03,13.03,13.035,13.05,13.045,13.05,13.055,13.055,13.055,13.055,13.05,13.035,13.04,13.035,13.02,13.035,13.03,13.03,13.04,13.05,13.065,13.07,13.07,13.075,13.075,13.06,13.065,13.06,13.065,13.06,13.055,13.06,13.075
,13.02,13.04,13.05,13.06,13.07,13.06,13.06,13.065,13.06,13.055,13.05,13.045,13.035,13.04,13.045,13.03,13.035,13.055,13.055,13.045,13.03,13.02,13.02,13.02,13.015,13.01,13.025,13.03,13.045,13.055,13.03,13.025,13.02,13.025,13.03,13.03,13.045,13.035,13.025,13.035,13.035,13.035,13.035,13.035,13.02,13.035,13.045,13.045,13.045,13.05,13.055,13.055,13.06,13.06,13.05,13.045,13.055,13.055,13.07,13.07,13.07,13.08,13.075,13.055,13.05,13.055,13.05,13.055,13.05,13.04,13.035,13.05,13.055,13.045,13.03,13.025,13.035,13.04,13.04,13.04,13.03,13.03,13.045,13.04,13.045,13.045,13.04,13.035,13.035,13.04,13.05,13.055,13.06,13.075,13.075,13.075,13.07,13.07,13.065,13.06,13.065,13.065,13.065,13.075,13.075,13.075,13.075,13.075,13.08,13.085,13.095,13.095,13.09,13.09,13.09,13.095,13.095,13.09,13.09,13.085
,13.095,13.095,13.095,13.095,13.09,13.09,13.09,13.095,13.09,13.085,13.085,13.08,13.075,13.075,13.09,13.1,13.095,13.1,13.095,13.09,13.075,13.065,13.06,13.05,13.045,13.045,13.045,13.045,13.045,13.045,13.045,13.045,13.045,13.06,13.06,13.055,13.04,13.02,13.035,13.05,13.06,13.05,13.035,13.04,13.035,13.035,13.035,13.04,13.035,13.03,13.04,13.04,13.04,13.035,13.035,13.035,13.03,13.03,13.035,13.03,13.04,13.04,13.035,13.035,13.03,13.02,13.025,13.03,13.035,13.035,13.03,13.03,13.03,13.035,13.04,13.045,13.05,13.045,13.025,13.03,13.045,13.065,13.075,13.065,13.065,13.055,13.065,13.055,13.07,13.07,13.065,13.06,13.05,13.05,13.045,13.045,13.045,13.055,13.055,13.05,13.05,13.045,13.045,13.04,13.035,13.03,13.025,13.035,13.035,13.04,13.035,13.035,13.035,13.06,13.07,13.07,13.065,13.06,13.055,13.055
60,13.02,13.03,13.04,13.03,13.03,13.035,13.04,13.04,13.04,13.03,13.025,13.025,13.02,13.02,13.02,13.025,13.03,13.02,13.025,13.02,13.03,13.025,13.025,13.03,13.03,13.035,13.04,13.045,13.045,13.045,13.04,13.04,13.04,13.035,13.035,13.04,13.04,13.04,13.04,13.04,13.04,13.045,13.045,13.045,13.045,13.045,13.04,13.04,13.04,13.045,13.045,13.045,13.045,13.045,13.04,13.04,13.04,13.04,13.04,13.04,13.04,13.045,13.045,13.045,13.045,13.05,13.05,13.05,13.05,13.05,13.05,13.05,13.05,13.05,13.05,13.05,13.05,13.05,13.05,13.045,13.04,13.035,13.03,13.02,13.02,13.02,13.02,13.02,13.02,13.015,13.02,13.02,13.02,13.02,13.015,13.015,13.02,13.02,13.015,13.01,13.005,13.005,13,12.995,12.985,12.99,12.985,12.99,13,13,13.005,13.005,13.01,13.01,13.015,13.01,13.005,13.005,13.005,13
,13.02,13.015,13.015,13.025,13.03,13.035,13.03,13.03,13.03,13.03,13.035,13.035,13.035,13.035,13.035,13.04,13.035,13.035,13.025,13.02,13.02,13.025,13.025,13.025,13.025,13.025,13.025,13.025,13.02,13.025,13.025,13.025,13.025,13.02,13.02,13.01,13.015,13.01,13.01,13.005,13,13,13,13.01,13.01,13.005,13.005,13.01,13,13,13,13.01,13.005,13.015,13.015,13.02,13.025,13.025,13.015,13.025,13.025,13.025,13.03,13.02,13.025,13.03,13.03,13.035,13.04,13.04,13.035,13.04,13.04,13.045,13.04,13.04,13.035,13.035,13.035,13.03,13.025,13.02,13.02,13.015,13.015,13.015,13.015,13.01,13.01,13.005,13.005,13.005,13.005,13,13.005,13.005,12.995,12.99,12.99,12.99,12.99,12.99,12.99,12.99,12.995,12.995,12.99,12.99,13,13.01,13.01,13.01,13.015,13.005,13,13,13.005,13.005,13,13
,13.005,13,13,12.995,12.995,12.995,12.995,12.995,12.995,12.995,12.99,12.99,12.99,12.98,12.975,12.97,12.965,12.96,12.96,12.955,12.945,12.95,12.965,12.96,12.945,12.945,12.96,12.975,12.975,12.955,12.95,12.945,12.94,12.94,12.935,12.94,12.94,12.95,12.96,12.955,12.97,12.965,12.995,13,13.005,13.01,13.015,13.005,13.01,12.99,12.985,12.98,12.99,12.975,12.98,12.995,13,12.99,12.985,12.99,12.985,12.99,12.99,12.985,12.98,12.97,12.97,12.97,12.97,12.965,12.965,12.975,12.97,12.965,12.97,12.98,12.985,12.975,12.965,12.975,12.985,12.98,12.985,12.995,12.985,12.99,12.985,12.98,12.98,12.985,12.985,12.98,12.975,12.98,12.975,12.97,12.97,12.98,12.98,12.965,12.965,12.97,12.97,12.98,12.98,12.975,12.975,12.975,12.975,12.965,12.97,12.975,12.96,12.965,12.96,12.96,12.95,12.95,12.94,12.95
80,12.98,12.98,12.98,12.98,12.98,12.975,12.975,12.98,12.985,12.98,12.975,12.97,12.96,12.96,12.955,12.95,12.945,12.94,12.935,12.94,12.945,12.945,12.95,12.955,12.965,12.97,12.965,12.965,12.96,12.965,12.96,12.965,12.96,12.96,12.96,12.96,12.965,12.965,12.97,12.975,12.97,12.96,12.955,12.965,12.97,12.975,12.97,12.975,12.97,12.965,12.955,12.955,12.955,12.955,12.965,12.975,12.975,12.975,12.97,12.975,12.975,12.97,12.975,12.98,12.98,12.98,12.98,12.975,12.985,12.97,12.975,12.995,12.985,12.97,12.97,12.97,12.965,12.955,12.955,12.955,12.955,12.96,12.96,12.96,12.965,12.985,12.98,12.995,13,13.01,13.005,13,12.985,12.98,12.975,12.975,12.97,12.965,12.955,12.955,12.955,12.96,12.96,12.965,12.97,12.98,12.99,13,12.995,12.985,12.965,12.965,12.96,12.955,12.97,12.97,12.96,12.95,12.94,12.945
,12.97,12.965,12.965,12.965,12.975,12.975,12.98,12.98,12.97,12.965,12.975,12.97,12.97,12.97,12.99,12.98,12.985,12.98,12.995,12.99,12.985,12.965,12.98,12.98,12.98,12.975,12.985,12.985,12.995,12.995,12.995,12.995,13,12.995,12.99,12.995,12.985,12.97,12.98,12.99,12.985,12.99,12.985,12.985,13,13.005,13.005,12.995,13.005,13.015,13.015,13.005,13.015,13.02,13.015,13.015,13.02,13.01,12.995,13,13.01,13,12.995,12.99,12.995,12.985,12.98,12.985,12.985,12.98,12.98,12.975,12.98,12.98,12.985,12.98,12.985,13,12.995,13.015,13.025,13.015,13.035,13.01,13.01,13.005,13.02,13.03,13.025,13.045,13.03,13.04,13.035,13.025,13.02,13.025,13.025,13.025,13.03,13.015,13.02,13.045,13.05,13.04,13.05,13.05,13.065,13.05,13.035,13.015,13.01,13.015,13.015,13.045,13.025,13.015,13.03,13.03,13.05,13.04
,13.025,13.03,13.03,13.025,13.03,13.025,13.02,13.025,13.03,13.03,13.025,13.03,13.035,13.02,13.01,13.015,13.015,13.02,13.01,13.02,13.005,13.005,13,12.995,13.005,13.015,13.005,13.015,13.025,13.02,13.005,13.01,13.03,13.025,13.025,13.035,13.03,13.035,13.03,13.035,13.045,13.03,13.005,12.99,12.995,13,13,12.985,12.98,12.99,12.995,12.995,12.99,12.98,12.99,12.995,12.995,12.995,12.985,12.98,12.985,12.98,12.98,12.98,12.985,12.99,12.995,13.005,13,12.995,12.995,13.005,13.01,13.015,13.01,13.01,13.025,13.02,13.025,13.025,13.02,13.015,13.01,13.025,13.025,13.02,13.025,13.025,13.025,13.02,13.02,13.03,13.02,13.025,13.025,13.02,13.015,13.015,13.02,13.03,13.035,13.04,13.04,13.035,13.035,13.035,13.035,13.04,13.03,13.035,13.03,13.03,13.025,13.02,13.02,13.015,13.015,13.015,13.01,13.01
100,13.105,13.105,13.105,13.1,13.105,13.1,13.095,13.095,13.095,13.095,13.1,13.1,13.1,13.095,13.09,13.095,13.095,13.095,13.09,13.09,13.095,13.09,13.09,13.095,13.105,13.105,13.1,13.095,13.09,13.085,13.08,13.085,13.085,13.09,13.095,13.105,13.11,13.115,13.11,13.105,13.1,13.1,13.1,13.095,13.09,13.09,13.085,13.09,13.085,13.08,13.08,13.075,13.075,13.075,13.075,13.07,13.07,13.07,13.07,13.07,13.07,13.075,13.075,13.07,13.07,13.065,13.07,13.065,13.065,13.06,13.055,13.05,13.05,13.045,13.045,13.045,13.045,13.045,13.035,13.03,13.03,13.03,13.025,13.015,13.005,13.015,13.015,13.02,13.035,13.045,13.045,13.05,13.06,13.06,13.06,13.055,13.055,13.055,13.06,13.055,13.055,13.055,13.055,13.055,13.055,13.05,13.05,13.045,13.04,13.035,13.03,13.02,13.02,13.015,13.015,13.015,13.015,13.015,13.025,13.03
,13.025,13.025,13.03,13.04,13.045,13.03,13.03,13.02,13.025,13.01,13.02,13.035,13.04,13.035,13.035,13.035,13.04,13.045,13.05,13.05,13.05,13.045,13.045,13.045,13.045,13.045,13.04,13.04,13.03,13.02,13.025,13.02,13.025,13.02,13.025,13.03,13.035,13.04,13.04,13.025,13.025,13.035,13.035,13.04,13.03,13.03,13.04,13.055,13.05,13.055,13.06,13.055,13.055,13.05,13.05,13.05,13.06,13.055,13.055,13.055,13.06,13.055,13.05,13.05,13.04,13.04,13.04,13.035,13.05,13.05,13.035,13.035,13.035,13.035,13.03,13.03,13.035,13.045,13.06,13.065,13.065,13.07,13.065,13.07,13.06,13.065,13.06,13.06,13.06,13.06,13.045,13.04,13.04,13.04,13.04,13.04,13.04,13.04,13.04,13.045,13.05,13.045,13.035,13.035,13.035,13.035,13.03,13.03,13.025,13.025,13.025,13.03,13.04,13.045,13.045,13.045,13.045,13.045,13.045,13.04
,13.02,13.02,13.02,13.015,13.02,13.03,13.035,13.035,13.04,13.055,13.055,13.06,13.05,13.04,13.04,13.04,13.035,13.025,13.025,13.025,13.03,13.035,13.04,13.045,13.05,13.05,13.06,13.065,13.065,13.06,13.06,13.055,13.055,13.05,13.045,13.05,13.045,13.045,13.05,13.05,13.05,13.05,13.055,13.055,13.06,13.06,13.06,13.06,13.065,13.06,13.06,13.055,13.05,13.055,13.055,13.06,13.06,13.055,13.055,13.05,13.055,13.05,13.05,13.045,13.045,13.05,13.05,13.045,13.04,13.04,13.045,13.04,13.035,13.04,13.035,13.035,13.035,13.03,13.03,13.035,13.045,13.05,13.055,13.06,13.05,13.04,13.035,13.03,13.03,13.05,13.055,13.06,13.05,13.07,13.065,13.07,13.065,13.07,13.055,13.06,13.065,13.07,13.085,13.09,13.095,13.1,13.095,13.095,13.09,13.09,13.09,13.09,13.085,13.08,13.085,13.085,13.085,13.095,13.09,13.095